{"stats":{"minecraft:picked_up":{"minecraft:oak_log":1,"minecraft:dirt":15,"minecraft:stone_shovel":1,"minecraft:stone_axe":1,"minecraft:crossbow":1,"tacz:target":2,"minecraft:powered_rail":4,"minecraft:rail":1},"minecraft:dropped":{"minecraft:stone_axe":1,"minecraft:stone_shovel":1,"tacz:modern_kinetic_gun":3,"tacz:ammo":1,"minecraft:stone_pickaxe":1,"minecraft:rail":3},"minecraft:used":{"minecraft:oak_log":1,"minecraft:powered_rail":18,"minecraft:redstone_block":5,"minecraft:dirt":15,"minecraft:rail":7,"minecraft:goat_horn":2,"minecraft:birch_log":2,"tacz:target_minecart":2,"tacz:target":14},"minecraft:killed":{"minecraft:skeleton":3,"minecraft:pillager":13,"minecraft:zombie":2,"minecraft:creeper":2},"minecraft:killed_by":{"minecraft:pillager":9},"minecraft:custom":{"minecraft:time_since_rest":50160,"minecraft:sprint_one_cm":14089,"minecraft:damage_taken":2554,"minecraft:walk_one_cm":76000,"minecraft:mob_kills":20,"minecraft:drop":9,"minecraft:damage_dealt":86,"minecraft:player_kills":3,"minecraft:fly_one_cm":113755,"minecraft:open_chest":6,"minecraft:crouch_one_cm":932,"minecraft:play_time":63735,"minecraft:deaths":9,"minecraft:sneak_time":618,"minecraft:walk_under_water_one_cm":521,"minecraft:jump":120,"minecraft:leave_game":9,"minecraft:walk_on_water_one_cm":3186,"minecraft:time_since_death":50136,"minecraft:total_world_time":63735,"minecraft:fall_one_cm":2041},"minecraft:mined":{"minecraft:oak_log":1,"minecraft:grass_block":14,"minecraft:dirt":3}},"DataVersion":3465}