{"stats":{"minecraft:picked_up":{"minecraft:oak_log":1,"minecraft:dirt":15,"minecraft:white_banner":1,"minecraft:stone_shovel":1,"minecraft:stone_axe":1,"minecraft:crossbow":1,"tacz:target":8,"minecraft:powered_rail":4,"minecraft:rail":1},"minecraft:dropped":{"minecraft:stone_axe":1,"minecraft:stone_shovel":1,"tacz:modern_kinetic_gun":3,"tacz:ammo":1,"minecraft:powered_rail":5,"minecraft:stone_pickaxe":1,"minecraft:birch_log":1,"minecraft:rail":3},"minecraft:used":{"minecraft:oak_log":1,"minecraft:lava_bucket":13,"minecraft:villager_spawn_egg":357,"minecraft:powered_rail":18,"minecraft:redstone_block":122,"minecraft:dirt":15,"minecraft:rail":7,"minecraft:goat_horn":3,"minecraft:birch_log":2,"tacz:target_minecart":2,"tacz:target":31},"minecraft:killed":{"minecraft:skeleton":3,"minecraft:pillager":25,"minecraft:zombie":2,"minecraft:villager":326,"minecraft:creeper":2},"minecraft:killed_by":{"minecraft:pillager":9},"minecraft:custom":{"minecraft:time_since_rest":6962,"minecraft:sprint_one_cm":14332,"minecraft:damage_taken":2554,"minecraft:walk_one_cm":98495,"minecraft:mob_kills":358,"minecraft:drop":11,"minecraft:damage_dealt":106,"minecraft:talked_to_villager":3,"minecraft:player_kills":5,"minecraft:fly_one_cm":146506,"minecraft:open_chest":6,"minecraft:crouch_one_cm":2251,"minecraft:play_time":84207,"minecraft:deaths":10,"minecraft:sneak_time":1024,"minecraft:walk_under_water_one_cm":521,"minecraft:jump":156,"minecraft:leave_game":10,"minecraft:walk_on_water_one_cm":3186,"minecraft:time_since_death":6856,"minecraft:total_world_time":84207,"minecraft:fall_one_cm":2041},"minecraft:mined":{"minecraft:oak_log":1,"minecraft:grass_block":14,"minecraft:dirt":3}},"DataVersion":3465}