{"stats":{"minecraft:picked_up":{"minecraft:stone_shovel":1,"minecraft:stone_axe":1,"minecraft:oak_log":1,"minecraft:powered_rail":4,"minecraft:dirt":15,"minecraft:rail":1},"minecraft:dropped":{"minecraft:stone_axe":1,"tacz:modern_kinetic_gun":3,"tacz:ammo":1,"minecraft:stone_pickaxe":1,"minecraft:rail":1,"minecraft:stone_shovel":1},"minecraft:used":{"minecraft:oak_log":1,"minecraft:dirt":15,"minecraft:rail":7,"minecraft:goat_horn":2,"minecraft:powered_rail":18,"minecraft:birch_log":2,"tacz:target_minecart":2,"minecraft:redstone_block":5,"tacz:target":7},"minecraft:killed":{"minecraft:pillager":5},"minecraft:killed_by":{"minecraft:pillager":9},"minecraft:custom":{"minecraft:open_chest":5,"minecraft:crouch_one_cm":310,"minecraft:time_since_rest":38160,"minecraft:damage_taken":2554,"minecraft:play_time":51735,"minecraft:walk_one_cm":61210,"minecraft:sprint_one_cm":12746,"minecraft:deaths":9,"minecraft:sneak_time":353,"minecraft:walk_under_water_one_cm":521,"minecraft:mob_kills":5,"minecraft:drop":8,"minecraft:jump":103,"minecraft:damage_dealt":86,"minecraft:leave_game":9,"minecraft:time_since_death":38136,"minecraft:walk_on_water_one_cm":3186,"minecraft:total_world_time":51735,"minecraft:fly_one_cm":41995,"minecraft:fall_one_cm":2041,"minecraft:player_kills":2},"minecraft:mined":{"minecraft:grass_block":14,"minecraft:oak_log":1,"minecraft:dirt":3}},"DataVersion":3465}