{"stats":{"minecraft:picked_up":{"minecraft:oak_log":1,"minecraft:dirt":15,"minecraft:white_banner":1,"minecraft:stone_shovel":1,"minecraft:stone_axe":1,"minecraft:crossbow":1,"tacz:target":8,"minecraft:powered_rail":4,"minecraft:rail":1},"minecraft:dropped":{"minecraft:stone_axe":1,"minecraft:stone_shovel":1,"tacz:modern_kinetic_gun":3,"tacz:ammo":1,"minecraft:stone_pickaxe":1,"minecraft:birch_log":1,"minecraft:rail":3},"minecraft:used":{"minecraft:oak_log":1,"minecraft:lava_bucket":8,"minecraft:powered_rail":18,"minecraft:redstone_block":80,"minecraft:dirt":15,"minecraft:rail":7,"minecraft:goat_horn":3,"minecraft:birch_log":2,"tacz:target_minecart":2,"tacz:target":31},"minecraft:killed":{"minecraft:skeleton":3,"minecraft:pillager":25,"minecraft:zombie":2,"minecraft:creeper":2},"minecraft:killed_by":{"minecraft:pillager":9},"minecraft:custom":{"minecraft:time_since_rest":62160,"minecraft:sprint_one_cm":14166,"minecraft:damage_taken":2554,"minecraft:walk_one_cm":93442,"minecraft:mob_kills":32,"minecraft:drop":10,"minecraft:damage_dealt":96,"minecraft:player_kills":5,"minecraft:fly_one_cm":131512,"minecraft:open_chest":6,"minecraft:crouch_one_cm":2237,"minecraft:play_time":75735,"minecraft:deaths":9,"minecraft:sneak_time":965,"minecraft:walk_under_water_one_cm":521,"minecraft:jump":149,"minecraft:leave_game":9,"minecraft:walk_on_water_one_cm":3186,"minecraft:time_since_death":62136,"minecraft:total_world_time":75735,"minecraft:fall_one_cm":2041},"minecraft:mined":{"minecraft:oak_log":1,"minecraft:grass_block":14,"minecraft:dirt":3}},"DataVersion":3465}