{"stats":{"minecraft:used":{"minecraft:dirt":15,"minecraft:oak_log":1},"minecraft:picked_up":{"minecraft:oak_log":1,"minecraft:dirt":15},"minecraft:killed_by":{"minecraft:pillager":9},"minecraft:custom":{"minecraft:jump":70,"minecraft:damage_dealt":86,"minecraft:time_since_rest":12079,"minecraft:damage_taken":2530,"minecraft:leave_game":7,"minecraft:time_since_death":12055,"minecraft:play_time":25654,"minecraft:walk_one_cm":38709,"minecraft:sprint_one_cm":10158,"minecraft:walk_on_water_one_cm":2726,"minecraft:deaths":9,"minecraft:total_world_time":25654,"minecraft:walk_under_water_one_cm":134,"minecraft:fall_one_cm":2041,"minecraft:fly_one_cm":6864},"minecraft:mined":{"minecraft:grass_block":12,"minecraft:oak_log":1,"minecraft:dirt":3}},"DataVersion":3465}