{"stats":{"minecraft:used":{"minecraft:smooth_sandstone":1},"minecraft:custom":{"minecraft:jump":16,"minecraft:time_since_rest":10708,"minecraft:crouch_one_cm":22,"minecraft:sprint_one_cm":5216,"minecraft:damage_taken":200,"minecraft:leave_game":1,"minecraft:time_since_death":10660,"minecraft:play_time":13042,"minecraft:walk_one_cm":3428,"minecraft:walk_on_water_one_cm":3436,"minecraft:deaths":1,"minecraft:sneak_time":272,"minecraft:total_world_time":13042,"minecraft:walk_under_water_one_cm":6941,"minecraft:fall_one_cm":209,"minecraft:fly_one_cm":23306}},"DataVersion":3465}