{"stats":{"minecraft:custom":{"minecraft:time_since_rest":7016,"minecraft:sprint_one_cm":20228,"minecraft:play_time":7016,"minecraft:walk_one_cm":10100,"minecraft:sneak_time":70,"minecraft:jump":40,"minecraft:damage_dealt":16,"minecraft:leave_game":2,"minecraft:walk_on_water_one_cm":41,"minecraft:time_since_death":7016,"minecraft:total_world_time":7016,"minecraft:interact_with_crafting_table":10,"minecraft:fall_one_cm":685,"minecraft:fly_one_cm":8096},"minecraft:crafted":{"minecraft:acacia_planks":16,"minecraft:crafting_table":1},"minecraft:mined":{"minecraft:grass":1,"minecraft:acacia_log":4,"minecraft:acacia_leaves":2,"minecraft:tall_grass":4,"minecraft:sugar_cane":1},"minecraft:picked_up":{"minecraft:wheat_seeds":1,"minecraft:acacia_log":4,"minecraft:sugar_cane":4},"minecraft:used":{"minecraft:crafting_table":1}},"DataVersion":3465}