{"stats":{"minecraft:picked_up":{"minecraft:brown_carpet":1},"minecraft:killed":{"minecraft:creeper":1},"minecraft:used":{"minecraft:brown_carpet":1,"minecraft:stripped_birch_log":1,"minecraft:smooth_sandstone":8},"minecraft:mined":{"minecraft:brown_carpet":1},"minecraft:killed_by":{"minecraft:skeleton":1,"minecraft:zombie":1},"minecraft:custom":{"minecraft:time_since_rest":29939,"minecraft:crouch_one_cm":360,"minecraft:sprint_one_cm":24381,"minecraft:play_time":67254,"minecraft:deaths":3,"minecraft:damage_taken":742,"minecraft:walk_one_cm":22964,"minecraft:sneak_time":1494,"minecraft:walk_under_water_one_cm":6941,"minecraft:mob_kills":1,"minecraft:jump":68,"minecraft:damage_dealt":11,"minecraft:leave_game":5,"minecraft:walk_on_water_one_cm":3436,"minecraft:time_since_death":29409,"minecraft:total_world_time":67254,"minecraft:fall_one_cm":880,"minecraft:fly_one_cm":282213}},"DataVersion":3465}