{"stats":{"minecraft:crafted":{"minecraft:crafting_table":1,"minecraft:jungle_planks":176,"minecraft:wooden_axe":1},"minecraft:killed_by":{"minecraft:zombie":2},"minecraft:mined":{"minecraft:grass":7,"minecraft:grass_block":2,"minecraft:vine":3,"minecraft:dirt":4,"minecraft:copper_ore":2,"minecraft:bamboo":1,"minecraft:jungle_leaves":2,"minecraft:stone":58,"minecraft:fern":2},"minecraft:custom":{"minecraft:time_since_rest":3951,"minecraft:sprint_one_cm":6,"minecraft:play_time":13722,"minecraft:walk_one_cm":19980,"minecraft:damage_taken":779,"minecraft:deaths":3,"minecraft:jump":33,"minecraft:time_since_death":3886,"minecraft:climb_one_cm":155,"minecraft:total_world_time":13722,"minecraft:fly_one_cm":146,"minecraft:interact_with_crafting_table":1,"minecraft:fall_one_cm":8466},"minecraft:used":{"minecraft:stone_axe":10,"minecraft:wooden_axe":2,"minecraft:crafting_table":1,"minecraft:stone_shovel":5,"minecraft:stone_pickaxe":64,"minecraft:jungle_log":1},"minecraft:picked_up":{"minecraft:raw_copper":7,"minecraft:stick":8,"minecraft:apple":2,"minecraft:jungle_log":168,"minecraft:wheat_seeds":2,"minecraft:oak_log":16,"minecraft:jungle_sapling":1,"minecraft:bamboo":14,"minecraft:oak_sapling":16,"minecraft:dirt":6,"minecraft:cobblestone":58}},"DataVersion":3465}