{"stats":{"minecraft:mined":{"minecraft:large_fern":5,"minecraft:grass":1,"minecraft:grass_block":3,"minecraft:spruce_leaves":5,"minecraft:stone":4,"minecraft:crafting_table":1},"minecraft:used":{"minecraft:stone_axe":11,"minecraft:dirt":1,"minecraft:stone_sword":22,"minecraft:crafting_table":1,"minecraft:stone_shovel":2,"minecraft:stone_pickaxe":4},"minecraft:killed_by":{"minecraft:zombie":3},"minecraft:custom":{"minecraft:time_since_rest":2048,"minecraft:play_time":11533,"minecraft:sprint_one_cm":15932,"minecraft:deaths":3,"minecraft:damage_taken":710,"minecraft:walk_one_cm":31959,"minecraft:walk_under_water_one_cm":5342,"minecraft:mob_kills":6,"minecraft:jump":96,"minecraft:damage_dealt":735,"minecraft:time_since_death":1959,"minecraft:walk_on_water_one_cm":303,"minecraft:total_world_time":11533,"minecraft:fall_one_cm":2659,"minecraft:interact_with_crafting_table":1,"minecraft:fly_one_cm":5399},"minecraft:picked_up":{"minecraft:crafting_table":1,"minecraft:leather":5,"minecraft:beef":10,"minecraft:porkchop":6,"minecraft:spruce_log":6,"minecraft:dirt":3,"minecraft:cobblestone":4},"minecraft:killed":{"minecraft:pig":2,"minecraft:cow":4},"minecraft:crafted":{"minecraft:crafting_table":1,"minecraft:spruce_planks":24,"minecraft:stick":4}},"DataVersion":3465}