{"stats":{"minecraft:used":{"minecraft:stone_sword":1},"minecraft:picked_up":{"minecraft:white_banner":1,"tacz:target":3},"minecraft:killed":{"minecraft:pillager":5,"minecraft:zombie":2},"minecraft:killed_by":{"minecraft:player":2,"minecraft:pillager":2},"minecraft:custom":{"minecraft:time_since_rest":1375,"minecraft:crouch_one_cm":253,"minecraft:sprint_one_cm":13437,"minecraft:play_time":17675,"minecraft:damage_taken":1236,"minecraft:deaths":9,"minecraft:walk_one_cm":20629,"minecraft:sneak_time":111,"minecraft:walk_under_water_one_cm":147,"minecraft:mob_kills":7,"minecraft:jump":47,"minecraft:damage_dealt":81,"minecraft:leave_game":8,"minecraft:walk_on_water_one_cm":4094,"minecraft:time_since_death":1322,"minecraft:total_world_time":17675,"minecraft:fall_one_cm":954,"minecraft:fly_one_cm":17542},"minecraft:mined":{"minecraft:grass":3,"minecraft:tall_grass":3}},"DataVersion":3465}