{"stats":{"minecraft:picked_up":{"minecraft:brown_carpet":1},"minecraft:killed":{"minecraft:creeper":1},"minecraft:used":{"minecraft:brown_carpet":1,"minecraft:stripped_birch_log":1,"minecraft:smooth_sandstone":8},"minecraft:mined":{"minecraft:brown_carpet":1},"minecraft:killed_by":{"minecraft:skeleton":1,"minecraft:zombie":1},"minecraft:custom":{"minecraft:time_since_rest":5571,"minecraft:crouch_one_cm":283,"minecraft:sprint_one_cm":23835,"minecraft:play_time":42886,"minecraft:deaths":3,"minecraft:damage_taken":742,"minecraft:walk_one_cm":22818,"minecraft:sneak_time":757,"minecraft:walk_under_water_one_cm":6941,"minecraft:mob_kills":1,"minecraft:jump":64,"minecraft:damage_dealt":11,"minecraft:leave_game":3,"minecraft:walk_on_water_one_cm":3436,"minecraft:time_since_death":5041,"minecraft:total_world_time":42886,"minecraft:fall_one_cm":880,"minecraft:fly_one_cm":87544}},"DataVersion":3465}