{"stats":{"minecraft:custom":{"minecraft:jump":4,"minecraft:time_since_rest":2821,"minecraft:sprint_one_cm":1478,"minecraft:leave_game":2,"minecraft:play_time":2821,"minecraft:damage_taken":50,"minecraft:time_since_death":2821,"minecraft:walk_one_cm":3179,"minecraft:total_world_time":2821,"minecraft:fall_one_cm":1011,"minecraft:fly_one_cm":358},"minecraft:picked_up":{"minecraft:oak_log":2},"minecraft:mined":{"minecraft:grass":3,"minecraft:oak_log":2},"minecraft:used":{"minecraft:oak_log":1}},"DataVersion":3465}