{"stats":{"minecraft:used":{"minecraft:smooth_sandstone":8},"minecraft:custom":{"minecraft:jump":23,"minecraft:time_since_rest":22708,"minecraft:crouch_one_cm":227,"minecraft:sprint_one_cm":10666,"minecraft:damage_taken":200,"minecraft:leave_game":1,"minecraft:time_since_death":22660,"minecraft:play_time":25042,"minecraft:walk_one_cm":5810,"minecraft:walk_on_water_one_cm":3436,"minecraft:deaths":1,"minecraft:sneak_time":384,"minecraft:total_world_time":25042,"minecraft:walk_under_water_one_cm":6941,"minecraft:fall_one_cm":209,"minecraft:fly_one_cm":62754}},"DataVersion":3465}