{"stats":{"minecraft:mined":{"minecraft:brown_carpet":1},"minecraft:used":{"minecraft:smooth_sandstone":8,"minecraft:brown_carpet":1},"minecraft:killed":{"minecraft:creeper":1},"minecraft:killed_by":{"minecraft:zombie":1},"minecraft:picked_up":{"minecraft:brown_carpet":1},"minecraft:custom":{"minecraft:jump":50,"minecraft:time_since_rest":2755,"minecraft:crouch_one_cm":230,"minecraft:sprint_one_cm":22357,"minecraft:damage_taken":373,"minecraft:leave_game":2,"minecraft:time_since_death":2701,"minecraft:play_time":36930,"minecraft:walk_one_cm":19981,"minecraft:walk_on_water_one_cm":3436,"minecraft:deaths":2,"minecraft:sneak_time":419,"minecraft:total_world_time":36930,"minecraft:walk_under_water_one_cm":6941,"minecraft:mob_kills":1,"minecraft:fall_one_cm":880,"minecraft:fly_one_cm":70062,"minecraft:damage_dealt":11}},"DataVersion":3465}