{"stats":{"minecraft:used":{"minecraft:stone_brick_stairs":101,"minecraft:stone_bricks":103,"minecraft:soul_lantern":5,"minecraft:quartz_bricks":60,"minecraft:stone_brick_slab":54,"minecraft:sea_lantern":5,"minecraft:glowstone":10,"minecraft:black_concrete":30,"minecraft:quartz_pillar":1,"minecraft:grass_block":94,"minecraft:oak_stairs":12,"minecraft:glass_pane":19,"tacz:gun_smith_table":10,"minecraft:white_concrete_powder":1,"minecraft:white_concrete":32,"minecraft:spruce_trapdoor":6,"minecraft:black_concrete_powder":1,"tacz:target":10},"minecraft:picked_up":{"tacz:ammo_box":1,"minecraft:soul_lantern":1,"minecraft:dandelion":1,"tacz:target":1},"minecraft:dropped":{"tacz:ammo_box":1},"minecraft:mined":{"minecraft:grass":11,"minecraft:tall_grass":2},"minecraft:custom":{"minecraft:time_since_rest":38512,"minecraft:crouch_one_cm":277,"minecraft:play_time":38512,"minecraft:sprint_one_cm":58485,"minecraft:walk_one_cm":37332,"minecraft:sneak_time":93,"minecraft:drop":1,"minecraft:jump":39,"minecraft:damage_dealt":8,"minecraft:time_since_death":38512,"minecraft:total_world_time":38512,"minecraft:fall_one_cm":418,"minecraft:fly_one_cm":55599}},"DataVersion":3465}