{"stats":{"minecraft:crafted":{"minecraft:diamond_pickaxe":1,"minecraft:crafting_table":2,"minecraft:stick":4,"minecraft:wooden_axe":1,"minecraft:jungle_planks":176},"minecraft:killed_by":{"minecraft:zombie":2},"minecraft:broken":{"minecraft:stone_pickaxe":1},"minecraft:mined":{"minecraft:jungle_leaves":2,"minecraft:grass":7,"minecraft:grass_block":2,"minecraft:coal_ore":13,"minecraft:vine":3,"minecraft:dirt":4,"minecraft:copper_ore":2,"minecraft:bamboo":1,"minecraft:stone":263,"minecraft:fern":2},"minecraft:custom":{"minecraft:time_since_rest":40470,"minecraft:sprint_one_cm":1193,"minecraft:damage_taken":779,"minecraft:walk_one_cm":35462,"minecraft:mob_kills":1,"minecraft:damage_dealt":480,"minecraft:interact_with_crafting_table":2,"minecraft:fly_one_cm":146,"minecraft:play_time":50241,"minecraft:deaths":3,"minecraft:sneak_time":20,"minecraft:jump":34,"minecraft:leave_game":1,"minecraft:time_since_death":40405,"minecraft:climb_one_cm":155,"minecraft:total_world_time":50241,"minecraft:fall_one_cm":8466},"minecraft:killed":{"minecraft:zombie":1},"minecraft:used":{"minecraft:wooden_axe":2,"minecraft:diamond_pickaxe":148,"minecraft:stone_sword":6,"minecraft:stone_shovel":5,"minecraft:stone_pickaxe":134,"minecraft:jungle_log":1,"minecraft:stone_axe":10,"minecraft:crafting_table":2},"minecraft:picked_up":{"minecraft:stick":8,"minecraft:jungle_log":168,"minecraft:oak_log":16,"minecraft:dirt":6,"minecraft:raw_copper":7,"minecraft:apple":2,"minecraft:wheat_seeds":2,"minecraft:jungle_sapling":1,"minecraft:bamboo":14,"minecraft:oak_sapling":16,"minecraft:coal":13,"minecraft:cobblestone":259}},"DataVersion":3465}