{"stats":{"minecraft:custom":{"minecraft:time_since_rest":8414,"minecraft:crouch_one_cm":106,"minecraft:play_time":25333,"minecraft:sprint_one_cm":44942,"minecraft:damage_taken":520,"minecraft:walk_one_cm":19722,"minecraft:deaths":1,"minecraft:sneak_time":87,"minecraft:mob_kills":16,"minecraft:jump":92,"minecraft:damage_dealt":16,"minecraft:leave_game":5,"minecraft:time_since_death":8328,"minecraft:walk_on_water_one_cm":41,"minecraft:total_world_time":25333,"minecraft:interact_with_crafting_table":10,"minecraft:fall_one_cm":6581,"minecraft:fly_one_cm":20000},"minecraft:mined":{"minecraft:grass":1,"minecraft:acacia_log":4,"minecraft:acacia_leaves":2,"minecraft:tall_grass":4,"minecraft:sugar_cane":1},"minecraft:killed":{"minecraft:horse":3,"minecraft:skeleton":2,"minecraft:spider":1,"minecraft:zombie":5,"minecraft:creeper":3,"minecraft:cow":2},"minecraft:crafted":{"minecraft:acacia_planks":16,"minecraft:crafting_table":1},"minecraft:used":{"minecraft:crafting_table":1,"tacz:gun_smith_table":1},"minecraft:picked_up":{"minecraft:rotten_flesh":2,"minecraft:leather":1,"minecraft:wheat_seeds":1,"minecraft:acacia_log":4,"minecraft:beef":1,"minecraft:sugar_cane":4}},"DataVersion":3465}