{"stats":{"minecraft:custom":{"minecraft:time_since_rest":3805,"minecraft:sprint_one_cm":24505,"minecraft:play_time":23213,"minecraft:deaths":3,"minecraft:damage_taken":1532,"minecraft:walk_one_cm":24815,"minecraft:mob_kills":3,"minecraft:jump":61,"minecraft:damage_dealt":2119,"minecraft:leave_game":2,"minecraft:time_since_death":3733,"minecraft:total_world_time":23213,"minecraft:fall_one_cm":13105,"minecraft:fly_one_cm":4879},"minecraft:used":{"minecraft:dirt":1,"minecraft:stone_sword":43,"minecraft:carrot":5},"minecraft:picked_up":{"minecraft:birch_log":14,"minecraft:rotten_flesh":3,"minecraft:apple":1,"minecraft:oak_log":7,"minecraft:oak_sapling":1,"minecraft:birch_sapling":2,"minecraft:dirt":1},"minecraft:killed":{"minecraft:zombie":3},"minecraft:killed_by":{"minecraft:spider":1,"minecraft:zombie":1},"minecraft:mined":{"minecraft:grass":1,"minecraft:grass_block":2}},"DataVersion":3465}