{"stats":{"minecraft:used":{"minecraft:stone_bricks":49,"minecraft:quartz_bricks":60,"minecraft:black_concrete":30,"minecraft:quartz_pillar":1,"minecraft:grass_block":94,"minecraft:oak_stairs":12,"minecraft:glass_pane":19,"tacz:gun_smith_table":8,"minecraft:white_concrete_powder":1,"minecraft:white_concrete":32,"minecraft:spruce_trapdoor":6,"minecraft:black_concrete_powder":1},"minecraft:picked_up":{"minecraft:dandelion":1},"minecraft:mined":{"minecraft:grass":11,"minecraft:tall_grass":2},"minecraft:custom":{"minecraft:time_since_rest":14512,"minecraft:crouch_one_cm":206,"minecraft:play_time":14512,"minecraft:sprint_one_cm":34958,"minecraft:walk_one_cm":23849,"minecraft:sneak_time":29,"minecraft:jump":36,"minecraft:damage_dealt":8,"minecraft:time_since_death":14512,"minecraft:total_world_time":14512,"minecraft:fall_one_cm":418,"minecraft:fly_one_cm":11643}},"DataVersion":3465}