{"stats":{"minecraft:used":{"minecraft:stone_sword":1,"minecraft:dirt":1,"minecraft:white_banner":3,"minecraft:birch_log":1},"minecraft:picked_up":{"minecraft:white_banner":3,"minecraft:birch_log":2,"tacz:target":3,"minecraft:dirt":2},"minecraft:killed":{"minecraft:pillager":5,"minecraft:zombie":2},"minecraft:killed_by":{"minecraft:player":5,"minecraft:pillager":3},"minecraft:custom":{"minecraft:time_since_rest":3446,"minecraft:crouch_one_cm":337,"minecraft:sprint_one_cm":15535,"minecraft:play_time":31066,"minecraft:damage_taken":2906,"minecraft:deaths":16,"minecraft:walk_one_cm":47476,"minecraft:sneak_time":174,"minecraft:walk_under_water_one_cm":147,"minecraft:mob_kills":9,"minecraft:jump":87,"minecraft:damage_dealt":199,"minecraft:leave_game":13,"minecraft:time_since_death":3399,"minecraft:walk_on_water_one_cm":4094,"minecraft:total_world_time":31066,"minecraft:fall_one_cm":1697,"minecraft:fly_one_cm":26988},"minecraft:mined":{"minecraft:grass":4,"minecraft:grass_block":2,"minecraft:tall_grass":3,"minecraft:white_banner":1}},"DataVersion":3465}