{"stats":{"minecraft:custom":{"minecraft:jump":12,"minecraft:time_since_rest":3043,"minecraft:damage_dealt":1865,"minecraft:deaths":1,"minecraft:sprint_one_cm":7235,"minecraft:play_time":6921,"minecraft:damage_taken":254,"minecraft:time_since_death":3003,"minecraft:walk_one_cm":14981,"minecraft:total_world_time":6921,"minecraft:mob_kills":3,"minecraft:fall_one_cm":544,"minecraft:fly_one_cm":380},"minecraft:killed_by":{"minecraft:zombie":1},"minecraft:killed":{"minecraft:zombie":3},"minecraft:used":{"minecraft:carrot":5,"minecraft:stone_sword":43},"minecraft:mined":{"minecraft:grass":1},"minecraft:picked_up":{"minecraft:birch_log":14,"minecraft:oak_log":6,"minecraft:rotten_flesh":3,"minecraft:birch_sapling":2}},"DataVersion":3465}