{"stats":{"minecraft:picked_up":{"minecraft:arrow":4,"minecraft:bone":4,"minecraft:rotten_flesh":4,"minecraft:porkchop":2,"minecraft:grass_block":2,"minecraft:mutton":1,"minecraft:white_wool":1,"minecraft:string":2},"minecraft:used":{"minecraft:anvil":1,"minecraft:pig_spawn_egg":1},"minecraft:killed":{"minecraft:sheep":2,"minecraft:skeleton":5,"minecraft:spider":5,"minecraft:zombie":3,"minecraft:pig":1,"minecraft:creeper":2,"minecraft:enderman":3,"minecraft:cow":2},"minecraft:custom":{"minecraft:time_since_rest":32515,"minecraft:sprint_one_cm":19099,"minecraft:play_time":32515,"minecraft:damage_taken":25,"minecraft:walk_one_cm":42123,"minecraft:interact_with_anvil":4,"minecraft:mob_kills":23,"minecraft:jump":65,"minecraft:leave_game":3,"minecraft:time_since_death":32515,"minecraft:total_world_time":32515,"minecraft:fall_one_cm":209,"minecraft:fly_one_cm":9828}},"DataVersion":3465}