{"stats":{"minecraft:picked_up":{"minecraft:brown_carpet":1},"minecraft:killed":{"minecraft:creeper":1},"minecraft:used":{"minecraft:brown_carpet":1,"minecraft:stripped_birch_log":1,"minecraft:smooth_sandstone":8},"minecraft:mined":{"minecraft:brown_carpet":1},"minecraft:killed_by":{"minecraft:skeleton":1,"minecraft:zombie":1},"minecraft:custom":{"minecraft:time_since_rest":32498,"minecraft:crouch_one_cm":360,"minecraft:sprint_one_cm":25677,"minecraft:play_time":69813,"minecraft:deaths":3,"minecraft:damage_taken":742,"minecraft:walk_one_cm":23203,"minecraft:sneak_time":1542,"minecraft:walk_under_water_one_cm":6941,"minecraft:mob_kills":1,"minecraft:jump":74,"minecraft:damage_dealt":11,"minecraft:leave_game":6,"minecraft:walk_on_water_one_cm":3436,"minecraft:time_since_death":31968,"minecraft:total_world_time":69813,"minecraft:fall_one_cm":880,"minecraft:fly_one_cm":297528}},"DataVersion":3465}