{"stats":{"minecraft:picked_up":{"minecraft:arrow":4,"minecraft:bone":4,"minecraft:rotten_flesh":4,"minecraft:gravel":4,"minecraft:porkchop":2,"minecraft:grass_block":2,"minecraft:mutton":3,"minecraft:white_wool":2,"minecraft:string":2},"minecraft:used":{"minecraft:moss_block":4,"minecraft:anvil":1,"minecraft:pig_spawn_egg":1,"minecraft:bone_meal":24},"minecraft:killed":{"minecraft:sheep":3,"minecraft:skeleton":5,"minecraft:spider":5,"minecraft:zombie":3,"minecraft:pig":1,"minecraft:creeper":2,"minecraft:squid":1,"minecraft:enderman":3,"minecraft:cow":2},"minecraft:custom":{"minecraft:time_since_rest":16338,"minecraft:deaths":1,"minecraft:crouch_one_cm":242,"minecraft:sprint_one_cm":24474,"minecraft:play_time":56515,"minecraft:damage_taken":335,"minecraft:walk_one_cm":58306,"minecraft:sneak_time":229,"minecraft:interact_with_anvil":4,"minecraft:mob_kills":25,"minecraft:jump":99,"minecraft:leave_game":3,"minecraft:time_since_death":16304,"minecraft:total_world_time":56515,"minecraft:fall_one_cm":4144,"minecraft:fly_one_cm":38816}},"DataVersion":3465}