{"stats":{"minecraft:killed":{"minecraft:skeleton":5,"minecraft:wolf":1,"minecraft:zombie":5,"minecraft:pig":2,"minecraft:spider":2,"minecraft:creeper":8,"minecraft:cow":4},"minecraft:picked_up":{"minecraft:crafting_table":1,"minecraft:leather":5,"minecraft:porkchop":6,"minecraft:gunpowder":8,"minecraft:spruce_log":6,"minecraft:shield":1,"minecraft:spider_eye":2,"minecraft:dirt":3,"minecraft:arrow":7,"minecraft:bone":6,"minecraft:rotten_flesh":1,"minecraft:beef":10,"minecraft:chainmail_helmet":1,"minecraft:cobblestone":4},"minecraft:killed_by":{"minecraft:skeleton":2,"minecraft:stray":1,"minecraft:zombie":3},"minecraft:mined":{"minecraft:large_fern":5,"minecraft:crafting_table":1,"minecraft:grass":1,"minecraft:grass_block":3,"minecraft:spruce_leaves":5,"minecraft:stone":4},"minecraft:broken":{"minecraft:chainmail_helmet":1},"minecraft:custom":{"minecraft:time_since_rest":2283,"minecraft:sprint_one_cm":52639,"minecraft:damage_taken":1489,"minecraft:walk_one_cm":85399,"minecraft:mob_kills":27,"minecraft:damage_dealt":2402,"minecraft:interact_with_crafting_table":1,"minecraft:fly_one_cm":13319,"minecraft:crouch_one_cm":1539,"minecraft:play_time":33822,"minecraft:deaths":6,"minecraft:sneak_time":310,"minecraft:walk_under_water_one_cm":5469,"minecraft:jump":175,"minecraft:leave_game":3,"minecraft:walk_on_water_one_cm":801,"minecraft:time_since_death":2179,"minecraft:total_world_time":33822,"minecraft:fall_one_cm":3193},"minecraft:crafted":{"minecraft:crafting_table":1,"minecraft:spruce_planks":24,"minecraft:stick":4},"minecraft:used":{"minecraft:stone_sword":22,"minecraft:stone_pickaxe":4,"minecraft:stone_shovel":2,"minecraft:stone_axe":11,"minecraft:dirt":1,"minecraft:crafting_table":1}},"DataVersion":3465}