{"stats":{"minecraft:used":{"minecraft:anvil":1,"minecraft:pig_spawn_egg":1},"minecraft:picked_up":{"minecraft:bone":4,"minecraft:arrow":2,"minecraft:rotten_flesh":4,"minecraft:porkchop":2,"minecraft:grass_block":2,"minecraft:string":2},"minecraft:killed":{"minecraft:sheep":1,"minecraft:skeleton":3,"minecraft:spider":4,"minecraft:zombie":3,"minecraft:pig":1,"minecraft:creeper":2,"minecraft:enderman":2,"minecraft:cow":2},"minecraft:custom":{"minecraft:time_since_rest":22914,"minecraft:play_time":22914,"minecraft:sprint_one_cm":11942,"minecraft:damage_taken":25,"minecraft:walk_one_cm":31521,"minecraft:mob_kills":18,"minecraft:interact_with_anvil":4,"minecraft:jump":26,"minecraft:leave_game":1,"minecraft:time_since_death":22914,"minecraft:total_world_time":22914,"minecraft:fall_one_cm":209,"minecraft:fly_one_cm":2354}},"DataVersion":3465}