{"stats":{"minecraft:used":{"minecraft:stone_sword":2},"minecraft:picked_up":{"minecraft:bone":1,"minecraft:gunpowder":2},"minecraft:killed":{"minecraft:skeleton":1,"minecraft:creeper":1,"minecraft:zombie":1},"minecraft:custom":{"minecraft:jump":66,"minecraft:time_since_rest":1469,"minecraft:damage_dealt":16800,"minecraft:deaths":1,"minecraft:leave_game":2,"minecraft:play_time":9956,"minecraft:sprint_one_cm":6780,"minecraft:damage_taken":100,"minecraft:time_since_death":1441,"minecraft:walk_one_cm":15204,"minecraft:total_world_time":9956,"minecraft:mob_kills":3,"minecraft:fall_one_cm":2223,"minecraft:fly_one_cm":2721}},"DataVersion":3465}