{"stats":{"minecraft:picked_up":{"minecraft:wheat_seeds":6,"minecraft:dirt":24,"minecraft:string":2},"minecraft:used":{"minecraft:dirt":24},"minecraft:custom":{"minecraft:jump":40,"minecraft:time_since_rest":5182,"minecraft:damage_dealt":160,"minecraft:sprint_one_cm":6053,"minecraft:leave_game":3,"minecraft:play_time":5182,"minecraft:damage_taken":160,"minecraft:time_since_death":5182,"minecraft:walk_one_cm":22833,"minecraft:total_world_time":5182,"minecraft:mob_kills":1,"minecraft:fall_one_cm":209,"minecraft:fly_one_cm":2486},"minecraft:killed":{"minecraft:spider":1},"minecraft:mined":{"minecraft:tall_grass":15,"minecraft:grass":45,"minecraft:grass_block":21,"minecraft:dirt":3}},"DataVersion":3465}