{"stats":{"minecraft:used":{"minecraft:quartz_bricks":60,"minecraft:stone_brick_slab":54,"minecraft:sea_lantern":5,"minecraft:black_concrete":30,"minecraft:quartz_pillar":1,"minecraft:oak_stairs":12,"minecraft:grass_block":94,"minecraft:white_concrete_powder":1,"tacz:gun_smith_table":10,"minecraft:spruce_trapdoor":6,"minecraft:stone_brick_stairs":101,"minecraft:stone_bricks":103,"minecraft:soul_lantern":5,"minecraft:glowstone":10,"minecraft:glass_pane":19,"minecraft:white_concrete":32,"minecraft:black_concrete_powder":1,"tacz:target":10},"minecraft:picked_up":{"minecraft:dandelion":1,"tacz:attachment":1,"minecraft:gunpowder":3,"minecraft:spider_eye":1,"minecraft:string":2,"tacz:ammo_box":1,"tacz:ammo":24,"minecraft:arrow":3,"minecraft:soul_lantern":1,"tacz:modern_kinetic_gun":2,"minecraft:beef":3,"tacz:target":1},"minecraft:dropped":{"tacz:ammo_box":1},"minecraft:killed":{"minecraft:skeleton":3,"minecraft:zombie":2,"minecraft:spider":2,"minecraft:creeper":2,"minecraft:cow":1},"minecraft:mined":{"minecraft:grass":11,"minecraft:tall_grass":2},"minecraft:custom":{"minecraft:time_since_rest":51408,"minecraft:sprint_one_cm":91452,"minecraft:walk_one_cm":49856,"minecraft:mob_kills":10,"minecraft:drop":1,"minecraft:damage_dealt":8,"minecraft:fly_one_cm":65025,"minecraft:crouch_one_cm":279,"minecraft:play_time":51408,"minecraft:sneak_time":198,"minecraft:jump":50,"minecraft:leave_game":1,"minecraft:time_since_death":51408,"minecraft:total_world_time":51408,"minecraft:fall_one_cm":418}},"DataVersion":3465}