{"stats":{"minecraft:used":{"minecraft:stone_sword":1,"minecraft:dirt":1,"minecraft:white_banner":3,"minecraft:birch_log":1},"minecraft:picked_up":{"minecraft:white_banner":3,"minecraft:birch_log":2,"tacz:target":3,"minecraft:dirt":2},"minecraft:killed":{"minecraft:pillager":5,"minecraft:zombie":2,"minecraft:villager":64},"minecraft:killed_by":{"minecraft:player":5,"minecraft:pillager":3},"minecraft:custom":{"minecraft:time_since_rest":5846,"minecraft:crouch_one_cm":348,"minecraft:sprint_one_cm":15594,"minecraft:play_time":33466,"minecraft:damage_taken":2906,"minecraft:deaths":16,"minecraft:walk_one_cm":61826,"minecraft:sneak_time":183,"minecraft:walk_under_water_one_cm":147,"minecraft:mob_kills":83,"minecraft:jump":99,"minecraft:damage_dealt":199,"minecraft:leave_game":14,"minecraft:time_since_death":5799,"minecraft:walk_on_water_one_cm":4094,"minecraft:total_world_time":33466,"minecraft:fall_one_cm":2115,"minecraft:fly_one_cm":29392},"minecraft:mined":{"minecraft:grass":4,"minecraft:grass_block":2,"minecraft:tall_grass":3,"minecraft:white_banner":1}},"DataVersion":3465}