{"stats":{"minecraft:used":{"minecraft:stone_sword":1},"minecraft:picked_up":{"minecraft:white_banner":1},"minecraft:killed":{"minecraft:pillager":5,"minecraft:zombie":2},"minecraft:killed_by":{"minecraft:player":2,"minecraft:pillager":1},"minecraft:custom":{"minecraft:time_since_rest":251,"minecraft:crouch_one_cm":208,"minecraft:sprint_one_cm":12833,"minecraft:play_time":15275,"minecraft:deaths":8,"minecraft:damage_taken":896,"minecraft:walk_one_cm":16484,"minecraft:sneak_time":104,"minecraft:walk_under_water_one_cm":147,"minecraft:mob_kills":7,"minecraft:jump":37,"minecraft:damage_dealt":71,"minecraft:leave_game":5,"minecraft:walk_on_water_one_cm":4094,"minecraft:time_since_death":219,"minecraft:total_world_time":15275,"minecraft:fall_one_cm":954,"minecraft:fly_one_cm":15959},"minecraft:mined":{"minecraft:grass":3,"minecraft:tall_grass":3}},"DataVersion":3465}