{"stats":{"minecraft:used":{"minecraft:quartz_bricks":60,"minecraft:stone_brick_slab":54,"minecraft:sea_lantern":5,"minecraft:black_concrete":30,"minecraft:quartz_pillar":1,"minecraft:grass_block":94,"minecraft:oak_stairs":12,"tacz:gun_smith_table":10,"minecraft:white_concrete_powder":1,"minecraft:chest":5,"minecraft:spruce_trapdoor":6,"minecraft:stone_brick_stairs":101,"minecraft:stone_bricks":103,"minecraft:soul_lantern":5,"minecraft:glowstone":10,"minecraft:glass_pane":19,"minecraft:white_concrete":32,"minecraft:black_concrete_powder":1,"tacz:target":10},"minecraft:custom":{"minecraft:time_since_rest":1934,"minecraft:sprint_one_cm":124870,"minecraft:damage_taken":240,"minecraft:walk_one_cm":79036,"minecraft:mob_kills":17,"minecraft:drop":1,"minecraft:damage_dealt":8,"minecraft:fly_one_cm":66205,"minecraft:open_chest":9,"minecraft:crouch_one_cm":392,"minecraft:play_time":68890,"minecraft:deaths":1,"minecraft:sneak_time":254,"minecraft:jump":61,"minecraft:leave_game":2,"minecraft:time_since_death":1902,"minecraft:total_world_time":68890,"minecraft:fall_one_cm":418},"minecraft:mined":{"minecraft:grass":11,"minecraft:chest":3,"minecraft:tall_grass":2},"minecraft:picked_up":{"minecraft:copper_ingot":56,"minecraft:dandelion":1,"tacz:attachment":1,"minecraft:amethyst_shard":59,"minecraft:gunpowder":53,"minecraft:dirt":11,"minecraft:spider_eye":4,"minecraft:string":10,"tacz:ammo":38,"tacz:ammo_box":1,"minecraft:netherite_ingot":61,"minecraft:arrow":3,"minecraft:diamond":49,"tacz:modern_kinetic_gun":4,"minecraft:soul_lantern":1,"minecraft:iron_ingot":147,"minecraft:beef":6,"tacz:target":1,"minecraft:blaze_rod":58,"minecraft:chest":3},"minecraft:killed_by":{"minecraft:creeper":1},"minecraft:dropped":{"tacz:ammo_box":1},"minecraft:killed":{"minecraft:skeleton":3,"minecraft:zombie":2,"minecraft:spider":5,"minecraft:squid":1,"minecraft:creeper":5,"minecraft:cow":1}},"DataVersion":3465}