{"stats":{"minecraft:used":{"minecraft:pig_spawn_egg":8,"minecraft:chicken_spawn_egg":12,"tacz:gun_smith_table":1,"minecraft:iron_sword":9},"minecraft:picked_up":{"minecraft:chicken":5,"minecraft:feather":3,"minecraft:stick":2,"minecraft:arrow":4,"minecraft:bone":2,"minecraft:rotten_flesh":2,"minecraft:leather":8,"minecraft:beef":15,"minecraft:porkchop":14,"minecraft:spider_eye":1},"minecraft:killed":{"minecraft:sheep":2,"minecraft:skeleton":2,"minecraft:spider":4,"minecraft:wolf":1,"minecraft:zombie":8,"minecraft:pig":8,"minecraft:chicken":5,"minecraft:cow":6},"minecraft:custom":{"minecraft:time_since_rest":66441,"minecraft:crouch_one_cm":146,"minecraft:sprint_one_cm":12420,"minecraft:play_time":66441,"minecraft:damage_taken":70,"minecraft:walk_one_cm":53061,"minecraft:sneak_time":78,"minecraft:mob_kills":36,"minecraft:jump":50,"minecraft:damage_dealt":200,"minecraft:leave_game":2,"minecraft:time_since_death":66441,"minecraft:total_world_time":66441,"minecraft:fall_one_cm":967,"minecraft:fly_one_cm":17540}},"DataVersion":3465}