{"stats":{"minecraft:used":{"tacz:gun_smith_table":1},"minecraft:picked_up":{"minecraft:arrow":2,"minecraft:bone":2,"minecraft:rotten_flesh":2,"minecraft:leather":5,"minecraft:beef":10},"minecraft:killed":{"minecraft:sheep":2,"minecraft:skeleton":2,"minecraft:spider":3,"minecraft:wolf":1,"minecraft:zombie":8,"minecraft:cow":4},"minecraft:custom":{"minecraft:time_since_rest":43560,"minecraft:crouch_one_cm":93,"minecraft:sprint_one_cm":12420,"minecraft:play_time":43560,"minecraft:damage_taken":70,"minecraft:walk_one_cm":34332,"minecraft:sneak_time":13,"minecraft:mob_kills":20,"minecraft:jump":43,"minecraft:leave_game":1,"minecraft:time_since_death":43560,"minecraft:total_world_time":43560,"minecraft:fall_one_cm":967,"minecraft:fly_one_cm":7950}},"DataVersion":3465}