{"stats":{"minecraft:custom":{"minecraft:time_since_rest":26584,"minecraft:crouch_one_cm":93,"minecraft:play_time":26584,"minecraft:sprint_one_cm":10693,"minecraft:damage_taken":70,"minecraft:walk_one_cm":20982,"minecraft:sneak_time":13,"minecraft:mob_kills":16,"minecraft:jump":27,"minecraft:time_since_death":26584,"minecraft:total_world_time":26584,"minecraft:fall_one_cm":967,"minecraft:fly_one_cm":7923},"minecraft:picked_up":{"minecraft:bone":2,"minecraft:arrow":2,"minecraft:rotten_flesh":2,"minecraft:leather":5,"minecraft:beef":10},"minecraft:used":{"tacz:gun_smith_table":1},"minecraft:killed":{"minecraft:sheep":2,"minecraft:skeleton":2,"minecraft:spider":3,"minecraft:wolf":1,"minecraft:zombie":4,"minecraft:cow":4}},"DataVersion":3465}