{"stats":{"minecraft:custom":{"minecraft:jump":14,"minecraft:time_since_rest":14584,"minecraft:sprint_one_cm":7538,"minecraft:play_time":14584,"minecraft:damage_taken":70,"minecraft:time_since_death":14584,"minecraft:walk_one_cm":12760,"minecraft:total_world_time":14584,"minecraft:mob_kills":9,"minecraft:fall_one_cm":967,"minecraft:fly_one_cm":565},"minecraft:picked_up":{"minecraft:rotten_flesh":2},"minecraft:killed":{"minecraft:sheep":2,"minecraft:spider":3,"minecraft:wolf":1,"minecraft:zombie":3}},"DataVersion":3465}